"","x"
"1","V1"
"2","V2"
"3","V3"
"4","V4"
"5","V6"
"6","V7"
"7","V10"
"8","V17"
"9","V19"
"10","V20"
"11","V23"
"12","V25"
"13","V26"
"14","V27"
"15","V29"
"16","V30"
"17","V34"
"18","V37"
"19","V38"
"20","V39"
"21","V40"
"22","V41"
"23","V42"
"24","V43"
"25","V44"
"26","V45"
"27","V46"
"28","V47"
"29","V48"
"30","V49"
"31","V50"
"32","V51"
"33","V52"
"34","V53"
"35","V54"
"36","V55"
"37","V56"
"38","V57"
"39","V58"
"40","V59"
"41","V60"
"42","V61"
"43","V62"
"44","V63"
"45","V64"
"46","V65"
"47","V66"
"48","V67"
"49","V68"
"50","V69"
"51","V70"
"52","V71"
"53","V72"
"54","V73"
"55","V74"
"56","V75"
"57","V76"
"58","V77"
"59","V78"
"60","V79"
"61","V80"
"62","V81"
"63","V82"
"64","V83"
"65","V84"
"66","V87"
"67","V88"
"68","V90"
"69","V92"
"70","V96"
"71","V97"
"72","V100"
"73","V101"
"74","V103"
"75","V104"
"76","V106"
"77","V109"
"78","V113"
"79","V114"
"80","V116"
"81","V117"
"82","V118"
"83","V119"
"84","V120"
"85","V121"
"86","V122"
"87","V123"
"88","V124"
"89","V127"
"90","V130"
"91","V132"
"92","V133"
"93","V137"
"94","V138"
"95","V139"
"96","V140"
"97","V141"
"98","V143"
"99","V144"
"100","V145"
"101","V146"
"102","V147"
"103","V149"
"104","V150"
"105","V151"
"106","V153"
"107","V154"
"108","V156"
"109","V157"
"110","V158"
"111","V159"
"112","V160"
"113","V161"
"114","V163"
"115","V164"
"116","V165"
"117","V167"
"118","V169"
"119","V170"
"120","V171"
"121","V172"
"122","V173"
"123","V174"
"124","V177"
"125","V178"
"126","V180"
"127","V182"
"128","V183"
"129","V185"
"130","V186"
"131","V187"
"132","V188"
"133","V190"
"134","V193"
"135","V194"
"136","V195"
"137","V196"
"138","V197"
"139","V198"
"140","V199"
"141","V200"
"142","V202"
"143","V203"
"144","V204"
"145","V207"
"146","V208"
"147","V210"
"148","V211"
"149","V213"
"150","V215"
"151","V216"
"152","V217"
"153","V220"
"154","V221"
"155","V223"
"156","V224"
"157","V226"
"158","V227"
"159","V232"
"160","V233"
"161","V234"
"162","V235"
"163","V237"
"164","V241"
"165","V242"
"166","V243"
"167","V244"
"168","V248"
"169","V249"
"170","V250"
"171","V251"
"172","V252"
"173","V254"
"174","V255"
"175","V260"
"176","V262"
"177","V263"
"178","V265"
"179","V266"
"180","V269"
"181","V271"
"182","V272"
"183","V275"
"184","V276"
"185","V277"
"186","V278"
"187","V281"
"188","V282"
"189","V288"
"190","V291"
"191","V294"
"192","V295"
"193","V296"
"194","V297"
"195","V298"
"196","V299"
"197","V300"
"198","V301"
"199","V302"
"200","V303"
"201","V310"
"202","V311"
"203","V315"
"204","V317"
"205","V331"
"206","V333"
"207","V334"
"208","V335"
"209","V336"
"210","V337"
"211","V338"
"212","V339"
"213","V340"
"214","V341"
"215","V342"
"216","V343"
"217","V344"
"218","V345"
"219","V348"
"220","V351"
"221","V354"
"222","V360"
"223","V361"
"224","V364"
"225","V367"
"226","V370"
"227","V371"
"228","V372"
"229","V373"
"230","V374"
"231","V375"
"232","V376"
"233","V378"
"234","V379"
"235","V380"
"236","V381"
"237","V382"
"238","V383"
"239","V390"
"240","V394"
"241","V405"
"242","V412"
"243","V413"
"244","V414"
"245","V416"
"246","V417"
"247","V419"
"248","V421"
"249","V423"
"250","V424"
"251","V427"
"252","V429"
"253","V430"
"254","V431"
"255","V433"
"256","V435"
"257","V436"
"258","V437"
"259","V438"
"260","V440"
"261","V442"
"262","V443"
"263","V444"
"264","V446"
"265","V447"
"266","V449"
"267","V450"
"268","V451"
"269","V452"
"270","V453"
"271","V454"
"272","V455"
"273","V456"
"274","V457"
"275","V458"
"276","V459"
"277","V460"
"278","V461"
"279","V462"
"280","V463"
"281","V464"
"282","V465"
"283","V466"
"284","V467"
"285","V468"
"286","V469"
"287","V470"
"288","V471"
"289","V472"
"290","V473"
"291","V474"
"292","V476"
"293","V477"
"294","V478"
"295","V482"
"296","V484"
"297","V489"
"298","V492"
"299","V493"
"300","V495"
"301","V496"
"302","V499"
"303","V500"
"304","V501"
"305","V503"
"306","V504"
"307","V505"
"308","V506"
"309","V507"
"310","V508"
"311","V509"
"312","V510"
"313","V512"
"314","V513"
"315","V514"
"316","V515"
"317","V519"
"318","V525"
"319","V526"
"320","V527"
"321","V528"
"322","V530"
"323","V531"
"324","V532"
"325","V535"
"326","V538"
"327","V539"
"328","V540"
"329","V541"
"330","V543"
"331","V544"
"332","V545"
"333","V548"
"334","V551"
"335","V552"
"336","V553"
"337","V554"
"338","V555"
"339","V557"
"340","V558"
"341","V559"
"342","V560"
"343","V561"
