"","x"
"1","V1"
"2","V2"
"3","V3"
"4","V4"
"5","V5"
"6","V6"
"7","V7"
"8","V8"
"9","V9"
"10","V10"
"11","V14"
"12","V16"
"13","V17"
"14","V18"
"15","V19"
"16","V20"
"17","V21"
"18","V23"
"19","V30"
"20","V38"
"21","V39"
"22","V40"
"23","V41"
"24","V42"
"25","V43"
"26","V44"
"27","V45"
"28","V46"
"29","V47"
"30","V48"
"31","V49"
"32","V50"
"33","V51"
"34","V52"
"35","V53"
"36","V54"
"37","V55"
"38","V56"
"39","V57"
"40","V58"
"41","V59"
"42","V60"
"43","V61"
"44","V62"
"45","V63"
"46","V64"
"47","V66"
"48","V67"
"49","V68"
"50","V69"
"51","V70"
"52","V71"
"53","V72"
"54","V74"
"55","V75"
"56","V76"
"57","V77"
"58","V78"
"59","V80"
"60","V84"
"61","V87"
"62","V88"
"63","V93"
"64","V96"
"65","V97"
"66","V100"
"67","V101"
"68","V103"
"69","V104"
"70","V118"
"71","V119"
"72","V120"
"73","V121"
"74","V122"
"75","V123"
"76","V124"
"77","V125"
"78","V126"
"79","V127"
"80","V128"
"81","V129"
"82","V130"
"83","V132"
"84","V133"
"85","V136"
"86","V137"
"87","V139"
"88","V140"
"89","V141"
"90","V142"
"91","V143"
"92","V144"
"93","V146"
"94","V149"
"95","V150"
"96","V151"
"97","V156"
"98","V157"
"99","V158"
"100","V159"
"101","V160"
"102","V162"
"103","V163"
"104","V167"
"105","V169"
"106","V176"
"107","V180"
"108","V182"
"109","V185"
"110","V188"
"111","V190"
"112","V198"
"113","V199"
"114","V200"
"115","V201"
"116","V202"
"117","V203"
"118","V204"
"119","V205"
"120","V206"
"121","V207"
"122","V208"
"123","V209"
"124","V210"
"125","V211"
"126","V214"
"127","V215"
"128","V216"
"129","V217"
"130","V218"
"131","V219"
"132","V220"
"133","V221"
"134","V222"
"135","V223"
"136","V224"
"137","V227"
"138","V228"
"139","V229"
"140","V231"
"141","V232"
"142","V233"
"143","V234"
"144","V235"
"145","V240"
"146","V245"
"147","V246"
"148","V253"
"149","V258"
"150","V266"
"151","V269"
"152","V270"
"153","V271"
"154","V272"
"155","V275"
"156","V276"
"157","V277"
"158","V281"
"159","V282"
"160","V283"
"161","V284"
"162","V288"
"163","V291"
"164","V292"
"165","V293"
"166","V294"
"167","V295"
"168","V296"
"169","V297"
"170","V298"
"171","V299"
"172","V300"
"173","V303"
"174","V304"
"175","V311"
"176","V315"
"177","V317"
"178","V325"
"179","V329"
"180","V331"
"181","V339"
"182","V343"
"183","V345"
"184","V348"
"185","V349"
"186","V351"
"187","V354"
"188","V355"
"189","V359"
"190","V360"
"191","V361"
"192","V364"
"193","V367"
"194","V370"
"195","V371"
"196","V372"
"197","V382"
"198","V383"
"199","V390"
"200","V394"
"201","V396"
"202","V399"
"203","V404"
"204","V405"
"205","V408"
"206","V417"
"207","V424"
"208","V426"
"209","V427"
"210","V428"
"211","V429"
"212","V430"
"213","V432"
"214","V433"
"215","V434"
"216","V435"
"217","V440"
"218","V441"
"219","V442"
"220","V449"
"221","V450"
"222","V451"
"223","V452"
"224","V453"
"225","V454"
"226","V455"
"227","V456"
"228","V457"
"229","V458"
"230","V459"
"231","V460"
"232","V461"
"233","V469"
"234","V473"
"235","V475"
"236","V483"
"237","V487"
"238","V489"
"239","V497"
"240","V501"
"241","V503"
"242","V504"
"243","V505"
"244","V506"
"245","V508"
"246","V509"
"247","V512"
"248","V513"
"249","V514"
"250","V515"
"251","V516"
"252","V521"
"253","V522"
"254","V525"
"255","V527"
"256","V528"
"257","V538"
"258","V539"
"259","V551"
"260","V553"
"261","V554"
"262","V555"
"263","V556"
"264","V557"
"265","V559"
"266","V560"
"267","V561"
